Date;Bloomberg Euro Aggregate Corporate Total Return Index EU;Change;% Change;Bloomberg Euro Aggregate Treasury Germany Total Return Index;Change;% Change;Bloomberg Baa Corporate Total Return Index;Change;% Change;Bloomberg Global Treasury Total Return Index;Change;% Change;Bloomberg Global Agg Corporate Total Return Index;Change;% Change;;;;;
30.06.2023;232,635;-1,0307;-0,441100256;211,7223;-1,4258;-0,668924565;888,2367;5,2652;0,596304637;539,3052;-1,6838;-0,311244776;257,3763;2,0609;0,807197686;;;;;
31.05.2023;233,6657;0,3963;0,169889407;213,1481;0,6245;0,293849718;882,9715;-12,8656;-1,436153961;540,989;-12,1405;-2,194874799;255,3154;-4,9311;-1,894780525;;;;;
28.04.2023;233,2694;1,6207;0,699636993;212,5236;0,0469;0,022073008;895,8371;6,7399;0,758061098;553,1295;0,3538;0,064004261;260,2465;3,0399;1,181890356;;;;;
31.03.2023;231,6487;2,2905;0,99865625;212,4767;5,1505;2,484249458;889,0972;23,7213;2,741155606;552,7757;19,6942;3,694406953;257,2066;6,9461;2,775547879;;;;;
28.02.2023;229,3582;-3,362;-1,444653279;207,3262;-5,336;-2,509143609;865,3759;-29,0923;-3,252468897;533,0815;-19,6974;-3,56334151;250,2605;-8,2976;-3,209181998;;;;;
31.01.2023;232,7202;5,058;2,221712695;212,6622;4,3203;2,073658731;894,4682;36,0279;4,196902219;552,7789;16,516;3,079832672;258,5581;9,9584;4,005797272;;;;;
30.12.2022;227,6622;-4,1084;-1,772614818;208,3419;-9,4056;-4,319498502;858,4403;-3,3391;-0,387465748;536,2629;3,8071;0,715007706;248,5997;0,5193;0,209327299;;;;;
30.11.2022;231,7706;6,332;2,808747038;217,7475;4,1857;1,959947893;861,7794;43,1261;5,267932103;532,4558;24,3576;4,793876459;248,0804;12,9589;5,51157593;;;;;
31.10.2022;225,4386;0,2342;0,103994416;213,5618;-1,1547;-0,537778885;818,6533;-6,2088;-0,752707634;508,0982;-3,5159;-0,687217182;235,1215;-0,7639;-0,323843697;;;;;
30.09.2022;225,2044;-7,7384;-3,322017251;214,7165;-8,8261;-3,948285472;824,8621;-45,041;-5,177703126;511,6141;-28,2209;-5,227689942;235,8854;-13,7114;-5,493419787;;;;;
31.08.2022;232,9428;-10,2859;-4,228900619;223,5426;-11,9456;-5,072695787;869,9031;-25,311;-2,827368336;539,835;-23,9997;-4,256513478;249,5968;-9,6452;-3,72053911;;;;;
29.07.2022;243,2287;10,9197;4,700506653;235,4882;10,335;4,590207912;895,2141;28,7695;3,320408483;563,8347;10,3082;1,862277596;259,242;7,0483;2,794796222;;;;;
30.06.2022;232,309;-8,3905;-3,485881774;225,1532;-4,2275;-1,843005972;866,4446;-27,8798;-3,117414665;553,5265;-20,1967;-3,520286438;252,1937;-9,5067;-3,632665445;;;;;
31.05.2022;240,6995;-2,9977;-1,230092098;229,3807;-3,9135;-1,677495626;894,3244;7,3149;0,82466986;573,7232;-0,0447;-0,007790607;261,7004;1,5426;0,592947819;;;;;
29.04.2022;243,6972;-6,8681;-2,741041956;233,2942;-7,4383;-3,089861153;887,0095;-52,7239;-5,61051677;573,7679;-35,5893;-5,840465986;260,1578;-16,1403;-5,841625404;;;;;
31.03.2022;250,5653;-3,0476;-1,20167389;240,7325;-7,0659;-2,851471196;939,7334;-25,0921;-2,600687896;609,3572;-22,4123;-3,547543843;276,2981;-7,0541;-2,48951658;;;;;
28.02.2022;253,6129;-6,5413;-2,514393387;247,7984;-3,0127;-1,201182882;964,8255;-20,6923;-2,099637368;631,7695;-5,7954;-0,908989814;283,3522;-5,9545;-2,058196371;;;;;
31.01.2022;260,1542;-3,4831;-1,32117117;250,8111;-2,7541;-1,086150623;985,5178;-35,2442;-3,45273433;637,5649;-12,2409;-1,8837782;289,3067;-9,2014;-3,082462419;;;;;
31.12.2021;263,6373;-0,2866;-0,108591909;253,5652;-4,3386;-1,682255166;1020,762;0,298;0,029202402;649,8058;-3,3856;-0,518316683;298,5081;0,9141;0,307163451;;;;;
30.11.2021;263,9239;0,5133;0,194866873;257,9038;4,8878;1,931814589;1020,464;-0,322;-0,03154432;653,1914;-0,1199;-0,01835266;297,594;-2,3801;-0,793435167;;;;;
29.10.2021;263,4106;-1,9693;-0,742068258;253,016;0,0414;0,016365279;1020,786;2,348;0,230549135;653,3113;-3,0032;-0,457585502;299,9741;0,0857;0,028577297;;;;;
30.09.2021;265,3799;-1,7209;-0,644288598;252,9746;-3,7428;-1,457945585;1018,438;-10,173;-0,989003617;656,3145;-14,7694;-2,200827646;299,8884;-4,6452;-1,525348927;;;;;
31.08.2021;267,1008;-1,0918;-0,407095498;256,7174;-1,5089;-0,584332425;1028,611;-3,023;-0,29303028;671,0839;-3,248;-0,481661923;304,5336;-1,4584;-0,476613768;;;;;
30.07.2021;268,1926;3,0249;1,140749797;258,2263;4,975;1,96445191;1031,634;14,338;1,409422626;674,3319;10,6563;1,605648904;305,992;3,8082;1,260226392;;;;;
30.06.2021;265,1677;1,092;0,413517791;253,2513;1,2117;0,480757786;1017,296;17,4787;1,748189394;663,6756;-8,2451;-1,227094209;302,1838;0,3919;0,129857693;;;;;
31.05.2021;264,0757;-0,3589;-0,13572354;252,0396;-0,3344;-0,132501763;999,8173;8,4972;0,857160064;671,9207;6,3181;0,949230066;301,7919;3,184;1,066281234;;;;;
30.04.2021;264,4346;0,0439;0,016604215;252,374;-1,7966;-0,706848078;991,3201;10,8082;1,102301767;665,6026;8,0672;1,226884515;298,6079;4,2551;1,445578231;;;;;
31.03.2021;264,3907;0,5554;0,210510117;254,1706;-0,0387;-0,015223676;980,5119;-15,3799;-1,544334435;657,5354;-14,9973;-2,229973353;294,3528;-5,7778;-1,925095275;;;;;
26.02.2021;263,8353;-2,0587;-0,774255906;254,2093;-5,1291;-1,977763416;995,8918;-15,8792;-1,569446051;672,5327;-15,1605;-2,204544119;300,1306;-4,2196;-1,386429186;;;;;
29.01.2021;265,894;-0,3137;-0,117840318;259,3384;-1,2021;-0,461387001;1011,771;-11,274;-1,102004311;687,6932;-8,0492;-1,156922447;304,3502;-3,0535;-0,993319209;;;;;
31.12.2020;266,2077;0,4438;0,166990325;260,5405;-0,0593;-0,022755198;1023,045;7,128;0,701632122;695,7424;10,0743;1,469267711;307,4037;3,7476;1,234159301;;;;;
30.11.2020;265,7639;2,7009;1,026712232;260,5998;-1,4173;-0,540918894;1015,917;31,9587;3,247973009;685,6681;10,5618;1,564464737;303,6561;9,0184;3,060843877;;;;;
30.10.2020;263,063;2,0247;0,775633307;262,0171;2,3431;0,902323683;983,9583;0,1566;0,015917842;675,1063;0,868;0,128737866;294,6377;-0,1827;-0,061969932;;;;;
30.09.2020;261,0383;0,7925;0,304519804;259,674;2,6004;1,011539108;983,8017;-2,8686;-0,290735416;674,2383;-0,9948;-0,147326901;294,8204;-2,3309;-0,784415212;;;;;
31.08.2020;260,2458;0,455;0,175140921;257,0736;-3,177;-1,220746465;986,6703;-10,4903;-1,052017097;675,2331;-2,5952;-0,382869821;297,1513;-0,9009;-0,30226249;;;;;
31.07.2020;259,7908;3,8511;1,504690363;260,2506;1,5975;0,6176226;997,1606;32,6835;3,388727425;677,8283;21,9415;3,345318125;298,0522;12,0853;4,226118477;;;;;
30.06.2020;255,9397;3,3319;1,319001234;258,6531;0,7821;0,30329118;964,4771;23,8288;2,533231602;655,8868;3,2473;0,497564122;285,9669;5,8413;2,085243191;;;;;
29.05.2020;252,6078;0,4382;0,173771938;257,871;-3,4412;-1,316892208;940,6483;20,2812;2,203598977;652,6395;0,0208;0,00318716;280,1256;4,0127;1,453282335;;;;;
30.04.2020;252,1696;9,0728;3,732175825;261,3122;3,1066;1,203149738;920,3671;55,4492;6,41092062;652,6187;8,4583;1,313073576;276,1129;12,6778;4,812494614;;;;;
31.03.2020;243,0968;-17,8761;-6,849791683;258,2056;-3,4705;-1,32625792;864,9179;-97,0399;-10,08775021;644,1604;-5,7368;-0,882724222;263,4351;-20,4857;-7,215286798;;;;;
28.02.2020;260,9729;-1,05;-0,400728333;261,6761;3,5605;1,379420694;961,9578;9,6987;1,018493811;649,8972;5,5786;0,8658139;283,9208;0,9455;0,334128102;;;;;
31.01.2020;262,0229;2,9942;1,155933686;258,1156;5,1961;2,054448154;952,2591;21,228;2,280052729;644,3186;8,9217;1,404114499;282,9753;4,4431;1,595183609;;;;;
31.12.2019;259,0287;-0,1339;-0,051666406;252,9195;-3,4894;-1,360873199;931,0311;5,5527;0,599981588;635,3969;2,8139;0,444827003;278,5322;2,3723;0,859031308;;;;;
29.11.2019;259,1626;-0,6518;-0,250871391;256,4089;-1,0297;-0,399978869;925,4784;3,4246;0,371409998;632,583;-7,4763;-1,168063647;276,1599;-0,6577;-0,237593274;;;;;
31.10.2019;259,8144;-0,5424;-0,208329492;257,4386;-3,752;-1,436498863;922,0538;6,4257;0,701780559;640,0593;3,0468;0,478295167;276,8176;3,1902;1,165892012;;;;;
30.09.2019;260,3568;-2,0058;-0,764514454;261,1906;-2,8635;-1,084436864;915,6281;-4,4909;-0,488078172;637,0125;-8,6032;-1,332557433;273,6274;-2,1179;-0,768063862;;;;;
30.08.2019;262,3626;1,6605;0,63693388;264,0541;5,8523;2,266560496;920,119;26,4415;2,958729519;645,6157;16,3115;2,591989693;275,7453;5,1885;1,917711919;;;;;
31.07.2019;260,7021;3,6721;1,428665914;258,2018;2,4586;0,961354984;893,6775;5,8073;0,654070832;629,3042;-2,8491;-0,450697639;270,5568;0,1889;0,069867762;;;;;
28.06.2019;257,03;4,0085;1,584252722;255,7432;2,6483;1,046366402;887,8702;23,4063;2,707608727;632,1533;13,9951;2,263999733;270,3679;7,2468;2,754169088;;;;;
31.05.2019;253,0215;-0,3901;-0,153939283;253,0949;3,7899;1,520186117;864,4639;10,1789;1,19151103;618,1582;10,6201;1,748054978;263,1211;1,7847;0,682912905;;;;;
30.04.2019;253,4116;1,8075;0,718390519;249,305;-1,4299;-0,570283594;854,285;7,5886;0,896259864;607,5381;-3,8664;-0,632380036;261,3364;1,1903;0,457550584;;;;;
29.03.2019;251,6041;3,4473;1,389162014;250,7349;4,1377;1,677918484;846,6964;22,2413;2,697696939;611,4045;7,297;1,207897601;260,1461;4,1635;1,626477737;;;;;
28.02.2019;248,1568;1,6942;0,687406527;246,5972;-0,842;-0,340285614;824,4551;2,9842;0,363275193;604,1075;-6,1095;-1,001201212;255,9826;0,4796;0,187708168;;;;;
31.01.2019;246,4626;2,6489;1,086444281;247,4392;1,9025;0,774833253;821,4709;20,6248;2,575376218;610,217;8,4522;1,404568695;255,503;5,7294;2,293837299;;;;;
31.12.2018;243,8137;0,5074;0,208543716;245,5367;1,3097;0,536263394;800,8461;9,6191;1,215719383;601,7648;15,1948;2,590449563;249,7736;3,0515;1,236816645;;;;;
30.11.2018;243,3063;-1,5742;-0,642844163;244,227;1,0218;0,420139043;791,227;-3,2783;-0,412621539;586,57;2,5579;0,437987501;246,7221;-0,9284;-0,374883152;;;;;
31.10.2018;244,8805;-0,4444;-0,181147531;243,2052;1,4865;0,614971039;794,5053;-12,9413;-1,60274376;584,0121;-5,2687;-0,89408988;247,6505;-4,1721;-1,656761546;;;;;
28.09.2018;245,3249;-0,7052;-0,286631595;241,7187;-2,0816;-0,853813552;807,4466;-1,3948;-0,17244419;589,2808;-7,0138;-1,176230675;251,8226;-1,0251;-0,40542192;;;;;
31.08.2018;246,0301;0,03;0,012195117;243,8003;1,6288;0,672581208;808,8414;3,4228;0,424971561;596,2946;-0,2213;-0,03709876;252,8477;0,5435;0,215414567;;;;;
31.07.2018;246,0001;0,6825;0,278210777;242,1715;-1,3935;-0,572126537;805,4186;8,2461;1,034418523;596,5159;-3,1086;-0,518424447;252,3042;1,5201;0,606138906;;;;;
29.06.2018;245,3176;-0,1128;-0,045960077;243,565;0,2387;0,098098726;797,1725;-5,3048;-0,661052967;599,6245;-3,5815;-0,593744094;250,7841;-1,219;-0,483724208;;;;;
31.05.2018;245,4304;-0,6057;-0,246183385;243,3263;4,0206;1,680110419;802,4773;3,4379;0,430254128;603,206;-5,8221;-0,955965743;252,0031;-1,9401;-0,763989743;;;;;
30.04.2018;246,0361;0,1034;0,042044023;239,3057;-1,136;-0,472463803;799,0394;-7,5982;-0,941959562;609,0281;-12,4741;-2,007088631;253,9432;-2,9197;-1,136676414;;;;;
30.03.2018;245,9327;-0,2551;-0,103620082;240,4417;2,6792;1,126838757;806,6376;1,2918;0,160403146;621,5022;8,8952;1,452023891;256,8629;1,1002;0,430164367;;;;;
28.02.2018;246,1878;-0,0558;-0,022660487;237,7625;0,4343;0,182995531;805,3458;-13,5303;-1,652301246;612,607;-2,3365;-0,379953605;255,7627;-4,7602;-1,827171431;;;;;
31.01.2018;246,2436;-0,6614;-0,267876309;237,3282;-2,5437;-1,06044101;818,8761;-5,4591;-0,662242738;614,9435;10,899;1,804337263;260,5229;1,5082;0,582283554;;;;;
29.12.2017;246,905;-0,7086;-0,28617168;239,8719;-1,1989;-0,497322778;824,3352;7,8494;0,961363933;604,0445;0,6519;0,108039111;259,0147;2,0637;0,803149239;;;;;
30.11.2017;247,6136;-0,4266;-0,17198825;241,0708;-0,1798;-0,074528312;816,4858;-1,4453;-0,176701925;603,3926;9,1422;1,538442381;256,951;1,4267;0,558342201;;;;;
31.10.2017;248,0402;2,7103;1,104757308;241,2506;1,4486;0,604081701;817,9311;3,7517;0,46079525;594,2504;-3,3053;-0,55313672;255,5243;0,1844;0,072217464;;;;;
29.09.2017;245,3299;-0,4987;-0,202864923;239,802;-1,8439;-0,763058674;814,1794;-0,1989;-0,024423539;597,5557;-7,877;-1,301052949;255,3399;-0,6334;-0,247447683;;;;;
31.08.2017;245,8286;1,3433;0,549439987;241,6459;3,1513;1,321329707;814,3783;5,3119;0,656546854;605,4327;6,3394;1,058165731;255,9733;2,0683;0,81459601;;;;;
31.07.2017;244,4853;1,8916;0,779739952;238,4946;-0,1169;-0,048991771;809,0664;6,5864;0,820755657;599,0933;10,8383;1,842449278;253,905;4,1729;1,670950591;;;;;
30.06.2017;242,5937;-1,3545;-0,555240826;238,6115;-2,8175;-1,167009763;802,48;2,6009;0,32516164;588,255;-2,3056;-0,390408707;249,7321;1,0477;0,421297034;;;;;
31.05.2017;243,9482;0,9105;0,374633236;241,429;-0,1358;-0,0562168;799,8791;9,7962;1,239895206;590,5606;9,182;1,579349498;248,6844;4,0904;1,672322297;;;;;
28.04.2017;243,0377;1,3024;0,538771127;241,5648;0,1893;0,078425524;790,0829;8,9353;1,143868329;581,3786;6,6349;1,154410218;244,594;3,3777;1,400278505;;;;;
31.03.2017;241,7353;-0,8807;-0,363001616;241,3755;-2,4774;-1,015940348;781,1476;-1,7548;-0,224140327;574,7437;1,2552;0,218870997;241,2163;-0,051;-0,021138381;;;;;
28.02.2017;242,616;2,8871;1,204318712;243,8529;3,7708;1,570629381;782,9024;9,4128;1,216926511;573,4885;3,0969;0,542942778;241,2673;1,7504;0,730804382;;;;;
31.01.2017;239,7289;-1,3604;-0,564272243;240,0821;-3,1081;-1,278053145;773,4896;3,7596;0,488431008;570,3916;7,4;1,314406822;239,5169;2,0835;0,87750923;;;;;
30.12.2016;241,0893;1,5196;0,634303921;243,1902;0,6765;0,278953313;769,73;6,333;0,829581463;562,9916;-5,1727;-0,91042327;237,4334;1,085;0,459068054;;;;;
30.11.2016;239,5697;-2,653;-1,095273069;242,5137;-1,687;-0,690825211;763,397;-20,8876;-2,6632679;568,1643;-29,6988;-4,967491722;236,3484;-6,9108;-2,840920302;;;;;
31.10.2016;242,2227;-1,7847;-0,731412244;244,2007;-5,1138;-2,051144237;784,2846;-5,0174;-0,635675572;597,8631;-22,6416;-3,648900645;243,2592;-4,5292;-1,827849891;;;;;
30.09.2016;244,0074;-0,179;-0,073304656;249,3145;0,6199;0,249261544;789,302;-0,4533;-0,057397526;620,5047;4,889;0,794164281;247,7884;-0,0721;-0,029088943;;;;;
31.08.2016;244,1864;0,5775;0,237060304;248,6946;-1,4662;-0,586103019;789,7553;3,1339;0,398400044;615,6157;-5,5903;-0,899910819;247,8605;0,4398;0,177753923;;;;;
29.07.2016;243,6089;4,019;1,677449675;250,1608;0,4224;0,169136985;786,6214;13,2559;1,714053704;621,206;2,9677;0,480025259;247,4207;4,1745;1,716162472;;;;;
30.06.2016;239,5899;2,2761;0,959109837;249,7384;6,711;2,761417025;773,3655;18,4597;2,445298473;618,2383;24,7037;4,162133092;243,2462;3,534;1,474267893;;;;;
31.05.2016;237,3138;0,8064;0,340961847;243,0274;2,4464;1,016871657;754,9058;-0,8201;-0,108518181;593,5346;-10,4884;-1,736423944;239,7122;-1,8021;-0,746166997;;;;;
29.04.2016;236,5074;0,6286;0,266492792;240,581;-2,2253;-0,91649187;755,7259;13,8856;1,871777524;604,023;9,8381;1,655730396;241,5143;3,3827;1,420517059;;;;;
31.03.2016;235,8788;3,2457;1,395201285;242,8063;-0,694;-0,285009916;741,8403;25,9711;3,627911356;594,1849;15,5676;2,690482984;238,1316;8,5481;3,723307642;;;;;
29.02.2016;232,6331;1,0607;0,458042496;243,5003;3,7144;1,549048547;715,8692;5,2815;0,74325801;578,6173;18,247;3,256239669;229,5835;1,8008;0,790578038;;;;;
29.01.2016;231,5724;1,3659;0,593336852;239,7859;5,8785;2,513174017;710,5877;-1,8522;-0,259979824;560,3703;6,537;1,18031906;227,7827;0,0748;0,032849102;;;;;
31.12.2015;230,2065;-1,8947;-0,816324948;233,9074;-2,4292;-1,027856032;712,4399;-9,1319;-1,265556664;553,8333;5,1707;0,942418893;227,7079;-0,6996;-0,306294671;;;;;
30.11.2015;232,1012;1,5787;0,684835537;236,3366;0,3532;0,149671545;721,5718;-3,2799;-0,452492558;548,6626;-11,5607;-2,063587859;228,4075;-2,5454;-1,102129482;;;;;
30.10.2015;230,5225;3,269;1,438481696;235,9834;1,2426;0,529349819;724,8517;3,8559;0,534802006;560,2233;0,584;0,104352929;230,9529;1,3658;0,594894051;;;;;
30.09.2015;227,2535;-1,6005;-0,699354173;234,7408;2,8784;1,241425949;720,9958;3,5342;0,492597792;559,6393;4,7494;0,855917543;229,5871;0,1058;0,046103974;;;;;
31.08.2015;228,854;-1,8426;-0,798711381;231,8624;-2,1909;-0,936068836;717,4616;-6,6732;-0,921541127;554,8899;2,155;0,389879488;229,4813;-1,1423;-0,49530924;;;;;
31.07.2015;230,6966;2,8452;1,248708588;234,0533;3,3707;1,461185196;724,1348;3,0182;0,41854535;552,7349;1,2686;0,230041255;230,6236;0,9136;0,397718863;;;;;
30.06.2015;227,8514;-4,5819;-1,9712752;230,6826;-5,0558;-2,144665443;721,1166;-15,2134;-2,066111662;551,4663;-1,031;-0,186607247;229,71;-2,7344;-1,176367338;;;;;
29.05.2015;232,4333;-1,059;-0,453548147;235,7384;-2,5363;-1,064443686;736,33;-5,1961;-0,700730561;552,4973;-13,5737;-2,397879418;232,4444;-2,6394;-1,122748569;;;;;
30.04.2015;233,4923;-1,1655;-0,496680698;238,2747;-3,3888;-1,402280444;741,5261;-5,4778;-0,733302731;566,071;6,2713;1,120275699;235,0838;1,7502;0,750084857;;;;;
31.03.2015;234,6578;-0,3392;-0,144342268;241,6635;3,6826;1,547435109;747,0039;2,154;0,289185781;559,7997;-5,7912;-1,023920293;233,3336;-2,4269;-1,029392116;;;;;
27.02.2015;234,997;1,3595;0,581884329;237,9809;-0,5132;-0,21518352;744,8499;-5,3617;-0,714691695;565,5909;-6,8368;-1,194351706;235,7605;-1,3146;-0,554507833;;;;;
30.01.2015;233,6375;2,1276;0,919010375;238,4941;5,3606;2,299369246;750,2116;21,3638;2,931174382;572,4277;-0,2445;-0,042694582;237,0751;0,9562;0,404965464;;;;;
31.12.2014;231,5099;1,2569;0,545877795;233,1335;2,8015;1,216287793;728,8478;-1,8115;-0,24792677;572,6722;-3,6046;-0,625498025;236,1189;-1,4914;-0,627666393;;;;;
28.11.2014;230,253;1,2918;0,564200397;230,332;2,1178;0,927987829;730,6593;4,0424;0,556331679;576,2768;-4,9783;-0,856474206;237,6103;0,6889;0,290771539;;;;;
31.10.2014;228,9612;0,9933;0,435719239;228,2142;1,3678;0,602963062;726,6169;6,586;0,914682967;581,2551;-1,842;-0,315899359;236,9214;0,9417;0,39905975;;;;;
30.09.2014;227,9679;0,4014;0,176388001;226,8464;-0,3697;-0,16270854;720,0309;-11,9371;-1,630822659;583,0971;-20,5779;-3,408771276;235,9797;-5,5902;-2,31411281;;;;;
29.08.2014;227,5665;2,603;1,157076592;227,2161;4,3021;1,929937106;731,968;10,7505;1,490604429;603,675;2,5791;0,42906631;241,5699;2,0005;0,835039867;;;;;
31.07.2014;224,9635;1,1116;0,496578318;222,914;1,2949;0,584290794;721,2175;-0,3118;-0,043213768;601,0959;-5,8593;-0,965359552;239,5694;-1,5552;-0,644977742;;;;;
30.06.2014;223,8519;1,2493;0,561224352;221,6191;1,2856;0,583479135;721,5293;1,278;0,177438069;606,9552;5,0383;0,837042456;241,1246;1,2398;0,516831412;;;;;
30.05.2014;222,6026;1,9715;0,893573028;220,3335;2,2144;1,015225168;720,2513;10,8999;1,5366009;601,9169;2,6559;0,44319587;239,8848;1,8638;0,783040152;;;;;
30.04.2014;220,6311;2,012;0,920322149;218,1191;1,2972;0,598279048;709,3514;10,0293;1,434146011;599,261;6,8231;1,151698769;238,021;3,1527;1,342326742;;;;;
31.03.2014;218,6191;0,9158;0,420664271;216,8219;0,7558;0,349800362;699,3221;1,7136;0,245639209;592,4379;-0,7592;-0,127984442;234,8683;0,1669;0,071111634;;;;;
28.02.2014;217,7033;1,2186;0,562903522;216,0661;0,2603;0,120617704;697,6085;8,7678;1,272834198;593,1971;8,1916;1,400260339;234,7014;3,7655;1,630539037;;;;;
31.01.2014;216,4847;2,9054;1,360337823;215,8058;4,4444;2,10274913;688,8407;13,2877;1,966936717;585,0055;7,7604;1,3443856;230,9359;2,0255;0,884844026;;;;;
31.12.2013;213,5793;-0,9237;-0,430623348;211,3614;-2,3931;-1,119555378;675,553;0,0387;0,005728968;577,2451;-5,5364;-0,949995839;228,9104;0,0101;0,004412401;;;;;
29.11.2013;214,503;0,5204;0,243197344;213,7545;-0,1142;-0,053397248;675,5143;-1,1372;-0,16806288;582,7815;-7,0328;-1,192375295;228,9003;-0,2833;-0,123612684;;;;;
31.10.2013;213,9826;2,4323;1,149750201;213,8687;0,9943;0,467082937;676,6515;11,6718;1,755211475;589,8143;5,425;0,928319529;229,1836;3,137;1,387766947;;;;;
30.09.2013;211,5503;1,4092;0,670597042;212,8744;1,5335;0,725604935;664,9797;4,3512;0,658645517;584,3893;11,8429;2,068461176;226,0466;4,159;1,87437243;;;;;
30.08.2013;210,1411;-0,4362;-0,207144835;211,3409;-2,1253;-0,995614294;660,6285;-4,8024;-0,721697775;572,5464;-2,1644;-0,376606808;221,8876;-1,4335;-0,641900832;;;;;
31.07.2013;210,5773;1,7672;0,846319215;213,4662;0,6359;0,298782645;665,4309;5,9334;0,899684987;574,7108;7,5837;1,337213475;223,3211;3,4544;1,571133782;;;;;
28.06.2013;208,8101;-3,4901;-1,643945696;212,8303;-2,1502;-1,000183738;659,4975;-21,1884;-3,112801367;567,1271;-3,6304;-0,636066981;219,8667;-5,4444;-2,416392268;;;;;
31.05.2013;212,3002;-0,3905;-0,183599941;214,9805;-3,1923;-1,463197979;680,6859;-15,9845;-2,294413542;570,7575;-20,7463;-3,50738237;225,3111;-5,5752;-2,414695025;;;;;
30.04.2013;212,6907;2,8947;1,379768918;218,1728;1,1592;0,534160071;696,6704;13,4686;1,971394103;591,5038;6,035;1,030797884;230,8863;5,3509;2,372532206;;;;;
29.03.2013;209,796;1,0782;0,516582678;217,0136;2,1011;0,977653696;683,2018;1,3529;0,198416394;585,4688;-1,868;-0,318045796;225,5354;-0,3228;-0,142921532;;;;;
28.02.2013;208,7178;2,6123;1,267457686;214,9125;2,6046;1,226803148;681,8489;5,3022;0,7837153;587,3368;-7,1425;-1,201471607;225,8582;-1,1624;-0,512024019;;;;;
31.01.2013;206,1055;-2,5286;-1,211978291;212,3079;-3,9459;-1,824661578;676,5467;-5,3562;-0,785478402;594,4793;-8,7033;-1,442896397;227,0206;-1,0972;-0,480979564;;;;;
31.12.2012;208,6341;2,0513;0,992967469;216,2538;1,7252;0,80418182;681,9029;1,4726;0,216421873;603,1826;-5,7685;-0,947284601;228,1178;1,189;0,523952887;;;;;
30.11.2012;206,5828;1,7507;0,85470002;214,5286;0,9462;0,443014031;680,4303;-1,6374;-0,240064146;608,9511;-1,2307;-0,201693987;226,9288;0,4865;0,214845018;;;;;
31.10.2012;204,8321;2,3052;1,13821917;213,5824;-0,3347;-0,15646248;682,0677;11,2944;1,68378795;610,1818;-3,9169;-0,637829066;226,4423;2,5613;1,144045274;;;;;
28.09.2012;202,5269;1,5462;0,769327602;213,9171;-1,1163;-0,519128656;670,7733;6,6798;1,005852339;614,0987;7,7943;1,285542378;223,881;3,1996;1,449872984;;;;;
31.08.2012;200,9807;2,0716;1,041480757;215,0334;-0,457;-0,212074413;664,0935;2,3052;0,348328914;606,3044;4,2152;0,7000956;220,6814;2,6982;1,237801812;;;;;
31.07.2012;198,9091;4,7328;2,437372635;215,4904;4,3561;2,063189164;661,7883;18,8109;2,925592719;602,0892;6,5498;1,099809685;217,9832;4,3033;2,013900231;;;;;
29.06.2012;194,1763;-0,4468;-0,229571926;211,1343;-5,5783;-2,5740543;642,9774;0,8726;0,135896819;595,5394;0,7452;0,125287032;213,6799;2,2145;1,047216235;;;;;
31.05.2012;194,6231;0,2444;0,125733941;216,7126;6,9197;3,298348038;642,1048;4,2706;0,669547039;594,7942;-3,7414;-0,625092309;211,4654;-3,5488;-1,650495642;;;;;
30.04.2012;194,3787;0,2334;0,120219238;209,7929;2,2036;1,061519067;637,8342;9,0722;1,442867094;598,5356;9,0712;1,538888523;215,0142;1,9414;0,911143985;;;;;
30.03.2012;194,1453;1,6429;0,853443905;207,5893;0,1439;0,06936765;628,762;-6,9568;-1,094320319;589,4644;-6,4539;-1,083017588;213,0728;-0,994;-0,464341037;;;;;
29.02.2012;192,5024;3,4361;1,817404794;207,4454;0,3041;0,146808;635,7188;7,6075;1,211170695;595,9183;-5,7924;-0,962655309;214,0668;3,2607;1,546776872;;;;;
31.01.2012;189,0663;5,3976;2,938769643;207,1413;0,3499;0,169204329;628,1113;14,3559;2,339026264;601,7107;9,3922;1,585667171;210,8061;5,674;2,76602248;;;;;
30.12.2011;183,6687;4,6219;2,581392128;206,7914;6,1308;3,055308317;613,7554;13,6803;2,279764649;592,3185;4,8746;0,829798386;205,1321;2,1052;1,036906932;;;;;
30.11.2011;179,0468;-5,6549;-3,061639389;200,6606;-1,061;-0,525972429;600,0751;-12,3154;-2,011037075;587,4439;-8,6739;-1,455064754;203,0269;-6,917;-3,294689677;;;;;
31.10.2011;184,7017;3,4684;1,913776331;201,7216;-1,4135;-0,695842324;612,3905;13,0022;2,169244878;596,1178;3,9163;0,66131207;209,9439;6,7175;3,305426854;;;;;
30.09.2011;181,2333;-2,2215;-1,21092498;203,1351;4,6835;2,360021285;599,3883;0,019;0,003169999;592,2015;-13,2655;-2,190953429;203,2264;-6,4273;-3,065674491;;;;;
31.08.2011;183,4548;-2,4017;-1,292233524;198,4516;4,3532;2,242779951;599,3693;-1,4979;-0,249289693;605,467;11,8825;2,001821139;209,6537;-1,3932;-0,660137628;;;;;
29.07.2011;185,8565;2,1768;1,185106465;194,0984;5,7533;3,054658709;600,8672;16,5503;2,832418504;593,5845;13,8611;2,39098508;211,0469;4,456;2,156919787;;;;;
30.06.2011;183,6797;-0,8112;-0,439696484;188,3451;-0,2773;-0,147013292;584,3169;-5,8333;-0,988443281;579,7234;1,1826;0,204410821;206,5909;-1,1053;-0,532171508;;;;;
31.05.2011;184,4909;1,6639;0,910095336;188,6224;2,7039;1,454346932;590,1502;9,1835;1,580727432;578,5408;-1,073;-0,185123267;207,6962;-0,3567;-0,171446781;;;;;
29.04.2011;182,827;1,7899;0,988692373;185,9185;1,5714;0,852413735;580,9667;10,9065;1,91321899;579,6138;18,7291;3,339206792;208,0529;6,7502;3,35325855;;;;;
31.03.2011;181,0371;-0,6;-0,330328991;184,3471;-1,9307;-1,036462745;570,0602;-0,0892;-0,015645022;560,8847;1,9491;0,348716382;201,3027;1,0256;0,512090499;;;;;
28.02.2011;181,6371;1,4496;0,804495317;186,2778;0,2385;0,128198719;570,1494;4,6665;0,825223893;558,9356;2,0752;0,372660724;200,2771;2,314;1,16890471;;;;;
31.01.2011;180,1875;-0,7918;-0,437508599;186,0393;-2,5588;-1,356747496;565,4829;2,6826;0,476652198;556,8604;-0,1852;-0,033246829;197,9631;1,3283;0,675516236;;;;;
31.12.2010;180,9793;-0,4321;-0,238187898;188,5981;-2,3898;-1,251283458;562,8003;-6,0945;-1,071287697;557,0456;9,7575;1,782881813;196,6348;1,5897;0,815042265;;;;;
30.11.2010;181,4114;-2,4913;-1,354683754;190,9879;-0,5105;-0,266581862;568,8948;-3,8259;-0,668021952;547,2881;-26,7285;-4,656398439;195,0451;-7,0029;-3,465958584;;;;;
29.10.2010;183,9027;-0,0892;-0,048480395;191,4984;-2,1479;-1,109187214;572,7207;2,4774;0,434446139;574,0166;8,0206;1,417077152;202,048;2,0527;1,02637412;;;;;
30.09.2010;183,9919;-0,5053;-0,273879495;193,6463;-2,3363;-1,192095625;570,2433;5,2993;0,938022176;565,996;13,8074;2,500486247;199,9953;5,5922;2,876600219;;;;;
31.08.2010;184,4972;3,4251;1,89156695;195,9826;7,2741;3,854675333;564,944;10,4751;1,889213263;552,1886;10,5873;1,954814363;194,4031;2,3814;1,240172335;;;;;
30.07.2010;181,0721;2,1771;1,216970849;188,7085;-1,182;-0,622463999;554,4689;11,8183;2,177883891;541,6013;19,1226;3,659976952;192,0217;7,5062;4,068059323;;;;;
30.06.2010;178,895;0,4174;0,233866883;189,8905;0,9972;0,527917083;542,6506;10,1507;1,9062351;522,4787;9,0195;1,756614742;184,5155;3,0137;1,660424304;;;;;
31.05.2010;178,4776;-0,9759;-0,543817758;188,8933;4,5318;2,458105407;532,4999;-5,0168;-0,933329141;513,4592;-5,8923;-1,13454953;181,5018;-6,2722;-3,340292053;;;;;
30.04.2010;179,4535;1,0301;0,577334587;184,3615;2,0284;1,112469431;537,5167;11,165;2,12120527;519,3515;-1,2468;-0,239493675;187,774;1,1583;0,620687327;;;;;
31.03.2010;178,4234;1,8248;1,033303775;182,3331;0,5561;0,305924292;526,3517;1,3048;0,248511133;520,5983;-8,1565;-1,542586469;186,6157;0,4422;0,237520377;;;;;
26.02.2010;176,5986;1,0043;0,571943395;181,777;1,6955;0,941518146;525,0469;2,6336;0,504121928;528,7548;1,3538;0,256692725;186,1735;-0,898;-0,480030363;;;;;
29.01.2010;175,5943;2,8169;1,630363693;180,0815;2,7213;1,534335212;522,4133;10,709;2,092810242;527,401;1,3895;0,264157723;187,0715;1,2672;0,682007898;;;;;
31.12.2009;172,7774;-0,0744;-0,043042653;177,3602;-1,7549;-0,979761059;511,7043;-1,5369;-0,299449849;526,0115;-27,5148;-4,970820718;185,8043;-4,8106;-2,523727159;;;;;
30.11.2009;172,8518;1,5159;0,884753283;179,1151;1,8149;1,023631107;513,2412;9,2472;1,834783747;553,5263;17,0483;3,177819035;190,6149;3,9067;2,092409439;;;;;
30.10.2009;171,3359;1,4576;0,85802601;177,3002;-0,0241;-0,013590918;503,994;3,7019;0,739947723;536,478;0,3564;0,066477456;186,7082;2,2838;1,238339395;;;;;
30.09.2009;169,8783;2,5523;1,525345732;177,3243;0,9207;0,521928124;500,2921;10,027;2,045220025;536,1216;12,3197;2,351976959;184,4244;4,3744;2,429547348;;;;;
31.08.2009;167,326;1,9078;1,153319284;176,4036;0,7339;0,417772672;490,2651;10,3597;2,158696276;523,8019;9,8443;1,915391464;180,05;3,976;2,258141463;;;;;
31.07.2009;165,4182;5,5208;3,452714053;175,6697;1,8715;1,07682358;479,9054;22,6265;4,948074359;513,9576;8,8051;1,743057789;176,074;7,3582;4,361298705;;;;;
30.06.2009;159,8974;3,4894;2,230960053;173,7982;1,9514;1,135546312;457,2789;16,5738;3,760746132;505,1525;0,6258;0,124037043;168,7158;3,5124;2,126106363;;;;;
29.05.2009;156,408;3,5676;2,334199596;171,8468;-2,5569;-1,466081282;440,7051;19,1727;4,548333651;504,5267;16,082;3,292491453;165,2034;10,238;6,606636062;;;;;
30.04.2009;152,8404;4,3559;2,933572191;174,4037;-0,8283;-0,472687637;421,5324;19,0556;4,734583459;488,4447;1,4339;0,294428789;154,9654;5,0234;3,350228755;;;;;
31.03.2009;148,4845;-0,4623;-0,310379276;175,232;0,8713;0,499711231;402,4768;-0,6048;-0,150044061;487,0108;12,279;2,586513059;149,942;1,5486;1,04357741;;;;;
27.02.2009;148,9468;-0,6582;-0,439958558;174,3607;1,9827;1,150204783;403,0816;-4,1074;-1,008720766;474,7318;-16,0617;-3,272598353;148,3934;-3,5995;-2,368202725;;;;;
30.01.2009;149,605;0,2859;0,191469142;172,378;-1,8104;-1,039334422;407,189;10,5664;2,66409428;490,7935;-21,7158;-4,237152379;151,9929;-3,9102;-2,508096375;;;;;
31.12.2008;149,3191;0,8805;0,593174552;174,1884;2,9817;1,741579039;396,6226;19,3668;5,133599006;512,5093;34,533;7,224835206;155,9031;9,4393;6,444800695;;;;;
28.11.2008;148,4386;2,2571;1,54403943;171,2067;6,5411;3,972353667;377,2558;10,2096;2,781557199;477,9763;15,4036;3,329984671;146,4638;3,2566;2,274047674;;;;;
31.10.2008;146,1815;-3,0716;-2,057980705;164,6656;3,1344;1,940430084;367,0462;-45,5654;-11,0431699;462,5727;-9,3481;-1,980862043;143,2072;-12,8771;-8,250093059;;;;;
30.09.2008;149,2531;-6,8075;-4,362087548;161,5312;1,7599;1,101511974;412,6116;-21,8273;-5,024250821;471,9208;-6,427;-1,343583058;156,0843;-12,736;-7,544116436;;;;;
29.08.2008;156,0606;1,3366;0,86386081;159,7713;1,971;1,249047055;434,4389;3,5215;0,81720998;478,3478;-10,021;-2,051932884;168,8203;-3,4109;-1,980419343;;;;;
31.07.2008;154,724;1,7501;1,144051371;157,8003;2,7613;1,781035739;430,9174;-3,4601;-0,7965652;488,3688;1,7371;0,356964004;172,2312;-0,5564;-0,322013848;;;;;
30.06.2008;152,9739;-1,9078;-1,231778835;155,039;-1,0809;-0,69235248;434,3775;-1,747;-0,400573689;486,6317;1,6568;0,341625927;172,7876;-0,6703;-0,386433826;;;;;
30.05.2008;154,8817;-0,971;-0,623024176;156,1199;-1,9322;-1,222508274;436,1245;-2,7094;-0,617409001;484,9749;-7,2119;-1,465277005;173,4579;-1,3867;-0,793104277;;;;;
30.04.2008;155,8527;1,1939;0,771957367;158,0521;-1,1131;-0,699336287;438,8339;5,8573;1,352798281;492,1868;-15,9317;-3,135430023;174,8446;-0,0196;-0,011208698;;;;;
31.03.2008;154,6588;-2,6107;-1,660016723;159,1652;-0,8854;-0,55320005;432,9766;-5,4357;-1,239860287;508,1185;14,7556;2,990820753;174,8642;0,2356;0,134914899;;;;;
29.02.2008;157,2695;-0,0537;-0,034133554;160,0506;1,1058;0,695713229;438,4123;-1,7567;-0,399096711;493,3629;11,5966;2,407100704;174,6286;1,4058;0,811555985;;;;;
31.01.2008;157,3232;2,172;1,399924719;158,9448;3,9001;2,51546812;440,169;1,4481;0,330073174;481,7663;16,824;3,618513523;173,2228;2,5649;1,502948296;;;;;
31.12.2007;155,1512;-0,7481;-0,479861039;155,0447;-0,6999;-0,449389578;438,7209;0,6399;0,146068878;464,9423;-2,408;-0,515245203;170,6579;-0,6536;-0,381527218;;;;;
30.11.2007;155,8993;-0,6627;-0,423282789;155,7446;1,2379;0,801195029;438,081;1,199;0,274444816;467,3503;11,7797;2,585702414;171,3115;0,8673;0,508846884;;;;;
31.10.2007;156,562;1,2725;0,819437245;154,5067;1,0416;0,67872109;436,882;6,1988;1,439294591;455,5706;7,3525;1,640384447;170,4442;3,0973;1,850826039;;;;;
28.09.2007;155,2895;-0,2096;-0,134791777;153,4651;-0,0426;-0,027751051;430,6832;2,6216;0,61243522;448,2181;10,648;2,433438665;167,3469;3,2438;1,97668417;;;;;
31.08.2007;155,4991;0,5435;0,350745633;153,5077;1,3545;0,890221172;428,0616;4,1484;0,978596562;437,5701;6,5727;1,524997599;164,1031;0,8976;0,549981465;;;;;
31.07.2007;154,9556;0,5917;0,383315011;152,1532;2,3147;1,544796564;423,9132;-0,055;-0,012972671;430,9974;11,9373;2,848589021;163,2055;1,799;1,11457717;;;;;
29.06.2007;154,3639;-0,6058;-0,390915127;149,8385;-0,675;-0,448464756;423,9682;-2,4578;-0,576371985;419,0601;-2,4482;-0,58081893;161,4065;-0,5272;-0,325565339;;;;;
31.05.2007;154,9697;-1,1943;-0,764772931;150,5135;-1,6295;-1,071031858;426,426;-4,1328;-0,959868896;421,5083;-8,2345;-1,916146123;161,9337;-2,352;-1,431652298;;;;;
30.04.2007;156,164;-0,0669;-0,042821234;152,143;-0,1959;-0,128594863;430,5588;3,6414;0,852951882;429,7428;4,4313;1,041895176;164,2857;2,1552;1,329299546;;;;;
30.03.2007;156,2309;-0,3882;-0,247862489;152,3389;-0,6699;-0,437817956;426,9174;-3,0374;-0,706446352;425,3115;1,2488;0,294484754;162,1305;-0,2355;-0,145042681;;;;;
28.02.2007;156,6191;1,5517;1,000661648;153,0088;1,4882;0,982176681;429,9548;9,7723;2,325727511;424,0627;9,2919;2,240249314;162,366;3,4984;2,202085258;;;;;
31.01.2007;155,0674;-0,0495;-0,031911416;151,5206;-0,7141;-0,469078338;420,1825;0,663;0,158037946;414,7708;-5,7197;-1,360244762;158,8676;-1,0314;-0,645032177;;;;;
29.12.2006;155,1169;-1,3246;-0,846706277;152,2347;-1,5902;-1,033772816;419,5195;-4,3138;-1,017805821;420,4905;-7,1477;-1,671436275;159,899;-2,0055;-1,23869318;;;;;
30.11.2006;156,4415;0,9182;0,590393851;153,8249;0,7309;0,477419102;423,8333;6,6706;1,599040374;427,6382;11,3603;2,729018283;161,9045;3,9447;2,497280954;;;;;
31.10.2006;155,5233;0,5064;0,326674059;153,094;0,3876;0,253820403;417,1627;3,4913;0,843979062;416,2779;4,1059;0,996161797;157,9598;1,7826;1,141395799;;;;;
29.09.2006;155,0169;0,5544;0,358922068;152,7064;0,8503;0,559937994;413,6714;4,818;1,178417496;412,172;-0,9108;-0,220488483;156,1772;0,2388;0,153137393;;;;;
31.08.2006;154,4625;1,4775;0,965780959;151,8561;1,6737;1,114444835;408,8534;7,8208;1,950165647;413,0828;3,6633;0,894754647;155,9384;2,3231;1,512284258;;;;;
31.07.2006;152,985;1,5688;1,036084646;150,1824;1,5571;1,047668196;401,0326;5,7268;1,448701233;409,4195;3,361;0,827713248;153,6153;1,8137;1,194783191;;;;;
30.06.2006;151,4162;-0,7295;-0,479474609;148,6253;-0,4698;-0,315100899;395,3058;0,4464;0,113052899;406,0585;-4,6783;-1,139001911;151,8016;-1,017;-0,665494907;;;;;
31.05.2006;152,1457;0,501;0,330377521;149,0951;0,4719;0,317514358;394,8594;-1,2002;-0,3030352;410,7368;6,7871;1,680184439;152,8186;1,7348;1,148236939;;;;;
28.04.2006;151,6447;-0,5186;-0,340818055;148,6232;-1,1263;-0,752122712;396,0596;-1,3533;-0,340527446;403,9497;9,4079;2,38451287;151,0838;2,4368;1,63932;;;;;
31.03.2006;152,1633;-1,6242;-1,056132651;149,7495;-2,0519;-1,351700314;397,4129;-6,3388;-1,569974814;394,5418;-4,5136;-1,131071024;148,647;-1,5868;-1,056220371;;;;;
28.02.2006;153,7875;0,0933;0,060704958;151,8014;0,2471;0,163043873;403,7517;2,3682;0,590009305;399,0554;-1,8979;-0,473346896;150,2338;-0,5617;-0,372491222;;;;;
31.01.2006;153,6942;-0,5914;-0,383315099;151,5543;-0,9982;-0,654332115;401,3835;-0,5953;-0,148092387;400,9533;5,8905;1,491028768;150,7955;1,6729;1,121828616;;;;;
30.12.2005;154,2856;0,6296;0,409746447;152,5525;1,4227;0,941376221;401,9788;4,1327;1,038768509;395,0628;4,4774;1,14633061;149,1226;1,2158;0,822004127;;;;;
30.11.2005;153,656;-0,1288;-0,083753401;151,1298;-0,061;-0,04034637;397,8461;2,2157;0,560042909;390,5854;-4,3641;-1,104976712;147,9068;-0,6335;-0,426483587;;;;;
31.10.2005;153,7848;-1,507;-0,97043115;151,1908;-1,6262;-1,064148622;395,6304;-5,3024;-1,322515893;394,9495;-7,2696;-1,807373146;148,5403;-2,0383;-1,353645206;;;;;
30.09.2005;155,2918;-0,1282;-0,082486167;152,817;-0,2054;-0,134228714;400,9328;-7,4173;-1,816407049;402,2191;-7,6897;-1,875953871;150,5786;-2,6603;-1,73604744;;;;;
31.08.2005;155,42;1,3253;0,860055537;153,0224;1,4882;0,982088532;408,3501;5,7757;1,434691327;409,9088;6,9527;1,725423688;153,2389;2,7376;1,81898761;;;;;
29.07.2005;154,0947;-0,2938;-0,190299148;151,5342;-0,7448;-0,48910224;402,5744;-3,0029;-0,740401398;402,9561;-3,8152;-0,937922612;150,5013;-1,1593;-0,764404203;;;;;
30.06.2005;154,3885;1,584;1,036618686;152,279;1,6728;1,110711246;405,5773;3,7677;0,937682922;406,7713;-3,525;-0,859135215;151,6606;-0,0968;-0,063786016;;;;;
31.05.2005;152,8045;1,3205;0,871709223;150,6062;1,6786;1,127124858;401,8096;6,0937;1,539917906;410,2963;-8,4513;-2,018232463;151,7574;-1,418;-0,925736117;;;;;
29.04.2005;151,484;1,5212;1,014384901;148,9276;2,1924;1,49412002;395,7159;3,3812;0,86181518;418,7476;6,2001;1,502881486;153,1754;1,7437;1,15147621;;;;;
31.03.2005;149,9628;0,2213;0,147788021;146,7352;0,893;0,612305629;392,3347;-7,7342;-1,933217003;412,5475;-5,6923;-1,361013466;151,4317;-2,529;-1,642626982;;;;;
28.02.2005;149,7415;-0,2585;-0,172333333;145,8422;-0,835;-0,569277297;400,0689;-2,1169;-0,526348767;418,2398;0,8791;0,210633153;153,9607;0,5256;0,342555256;;;;;
31.01.2005;150;1,5881;1,070062441;146,6772;1,7944;1,238518306;402,1858;3,4274;0,859517944;417,3607;-5,8764;-1,388441609;153,4351;-1,1858;-0,766907967;;;;;
31.12.2004;148,4119;0,8246;0,558720161;144,8828;0,9231;0,64122112;398,7584;6,1037;1,554470123;423,2371;7,043;1,69223927;154,6209;2,557;1,681529936;;;;;
30.11.2004;147,5873;1,4643;1,00210097;143,9597;1,4943;1,048886256;392,6547;-3,6475;-0,920383485;416,1941;14,5551;3,623925963;152,0639;3,1503;2,115522021;;;;;
29.10.2004;146,123;1,1953;0,824756068;142,4654;1,281;0,907324039;396,3022;3,9281;1,00111093;401,639;11,5141;2,951388132;148,9136;3,0393;2,083506142;;;;;
30.09.2004;144,9277;0,6818;0,472665081;141,1844;0,5635;0,400722794;392,3741;3,045;0,782114669;390,1249;5,3276;1,384521149;145,8743;1,8328;1,272411076;;;;;
31.08.2004;144,2459;2,0217;1,421488045;140,6209;1,808;1,302472609;389,3291;9,3392;2,457749535;384,7973;9,0045;2,396134253;144,0415;3,2031;2,274308711;;;;;
30.07.2004;142,2242;1,289;0,914604726;138,8129;1,2597;0,915791127;379,9899;5,0485;1,346477076;375,7928;-1,9453;-0,514986442;140,8384;0,6089;0,434216766;;;;;
30.06.2004;140,9352;0,3777;0,26871565;137,5532;0,3954;0,288281089;374,9414;1,7929;0,480478951;377,7381;0,6643;0,17617241;140,2295;0,3872;0,276883318;;;;;
31.05.2004;140,5575;-0,3425;-0,243080199;137,1578;-0,3697;-0,268818963;373,1485;-3,0744;-0,817175137;377,0738;2,8244;0,754683909;139,8423;0,3586;0,257090972;;;;;
30.04.2004;140,9;-1,1269;-0,793441242;137,5275;-1,4932;-1,074084651;376,2229;-12,0877;-3,112894678;374,2494;-16,8151;-4,299827778;139,4837;-5,1062;-3,531505313;;;;;
31.03.2004;142,0269;1,3748;0,977447191;139,0207;1,3463;0,977886956;388,3106;3,4715;0,902065305;391,0645;5,7085;1,481357498;144,5899;1,3342;0,93134165;;;;;
27.02.2004;140,6521;1,8708;1,34802023;137,6744;1,8358;1,351456802;384,8391;4,6162;1,214077321;385,356;0,5033;0,130777308;143,2557;1,3242;0,932985278;;;;;
30.01.2004;138,7813;0,7875;0,570677813;135,8386;0,8375;0,620365316;380,2229;4,2642;1,134220328;384,8527;1,2571;0,327714916;141,9315;0,7023;0,497276767;;;;;
31.12.2003;137,9938;1,6317;1,196593482;135,0011;1,7295;1,297725847;375,9587;5,2626;1,419653457;383,5956;14,4323;3,909462289;141,2292;4,384;3,203619857;;;;;
28.11.2003;136,3621;-0,0902;-0,066103686;133,2716;-0,4012;-0,300135854;370,6961;2,8155;0,765329838;369,1633;5,9274;1,631832096;136,8452;1,7438;1,290734219;;;;;
31.10.2003;136,4523;-1,3113;-0,951847948;133,6728;-1,7805;-1,314475173;367,8806;-3,2686;-0,880670092;363,2359;-1,7734;-0,485850634;135,1014;-0,9399;-0,690893133;;;;;
30.09.2003;137,7636;2,2848;1,686463122;135,4533;2,02;1,51386498;371,1492;14,0834;3,944203001;365,0093;19,4764;5,636626787;136,0413;6,4727;4,995577632;;;;;
29.08.2003;135,4788;0,3058;0,226228611;133,4333;0,3307;0,248454951;357,0658;3,407;0,963357903;345,5329;-1,7858;-0,514167535;129,5686;0,0013;0,00100334;;;;;
31.07.2003;135,173;-1,3589;-0,995298535;133,1026;-2,0136;-1,490272817;353,6588;-16,6182;-4,488045436;347,3187;-10,4622;-2,924191873;129,5673;-4,5512;-3,393417016;;;;;
30.06.2003;136,5319;0,4546;0,334074824;135,1162;-0,2214;-0,163590902;370,277;0,0203;0,005482683;357,7809;-5,824;-1,60173859;134,1185;-0,9836;-0,728041977;;;;;
30.05.2003;136,0773;2,8318;2,125250008;135,3376;3,0044;2,270329743;370,2567;13,3729;3,747130018;363,6049;14,8051;4,244583856;135,1021;5,2881;4,073597609;;;;;
30.04.2003;133,2455;1,3008;0,985867564;132,3332;0,0339;0,025623718;356,8838;9,4834;2,729818388;348,7998;4,3006;1,248362841;129,814;2,6529;2,08625122;;;;;
31.03.2003;131,9447;-0,1197;-0,090637598;132,2993;-0,4661;-0,351070384;347,4004;1,5524;0,448867711;344,4992;0,9841;0,286479401;127,1611;0,35;0,276001076;;;;;
28.02.2003;132,0644;1,419;1,086146164;132,7654;1,3335;1,01459387;345,848;7,722;2,283764041;343,5151;4,6483;1,371718917;126,8111;1,8587;1,48752645;;;;;
31.01.2003;130,6454;1,4068;1,088529278;131,4319;1,4661;1,128065999;338,126;2,1753;0,64750572;338,8668;4,6654;1,395984577;124,9524;1,4369;1,163335776;;;;;
31.12.2002;129,2386;2,4972;1,970311201;129,9658;2,5104;1,969630161;335,9507;10,6604;3,277195785;334,2014;15,7414;4,94297557;123,5155;5,1203;4,324753031;;;;;
29.11.2002;126,7414;1,4809;1,182256178;127,4554;0,5177;0,407837861;325,2903;8,1963;2,58481712;318,46;0,4327;0,136057502;118,3952;1,4344;1,2263938;;;;;
31.10.2002;125,2605;-1,1102;-0,878526431;126,9377;-0,8269;-0,647205877;317,094;-4,7086;-1,463195139;318,0273;-1,0494;-0,32888644;116,9608;-1,1049;-0,935834878;;;;;
30.09.2002;126,3707;1,9292;1,550286681;127,7646;2,4172;1,928400589;321,8026;4,8403;1,52709013;319,0767;3,0295;0,958559354;118,0657;1,6003;1,374056157;;;;;
30.08.2002;124,4415;1,7658;1,43940487;125,3474;1,6505;1,334309914;316,9623;10,8301;3,537719978;316,0472;5,4841;1,765856922;116,4654;2,4277;2,128857387;;;;;
31.07.2002;122,6757;0,97;0,797004577;123,6969;1,7869;1,465753425;306,1322;-7,6078;-2,4248741;310,5631;2,9283;0,951875406;114,0377;0,0592;0,05193962;;;;;
28.06.2002;121,7057;1,0313;0,854613737;121,91;2,0899;1,744198177;313,74;-3,7602;-1,184314215;307,6348;14,1128;4,808089343;113,9785;2,5767;2,312978785;;;;;
31.05.2002;120,6744;0,2381;0,19769787;119,8201;0,1501;0,125428261;317,5002;4,1915;1,337817941;293,522;8,2591;2,895259075;111,4018;2,4147;2,215583312;;;;;
30.04.2002;120,4363;0,9672;0,809581724;119,67;1,31;1,106792835;313,3087;4,2863;1,387051554;285,2629;9,847;3,575320089;108,9871;2,3782;2,230770602;;;;;
29.03.2002;119,4691;-0,6701;-0,557769654;118,36;-1,3388;-1,118474036;309,0224;-5,1976;-1,654127681;275,4159;-0,5994;-0,217161875;106,6089;-0,9722;-0,903690332;;;;;
28.02.2002;120,1392;0,1353;0,112746336;119,6988;0,0711;0,059434395;314,22;0,6962;0,222056507;276,0153;1,3796;0,502338188;107,5811;0,4925;0,45989956;;;;;
31.01.2002;120,0039;0,9288;0,780011942;119,6277;0,7007;0,589184962;313,5238;2,5227;0,811154687;274,6357;-4,8164;-1,723515407;107,0886;-0,5042;-0,468618718;;;;;
31.12.2001;119,0751;-1,3037;-1,082998003;118,927;-1,6254;-1,348293356;311,0011;-2,5099;-0,80057797;279,4521;-8,1177;-2,822862484;107,5928;-1,828;-1,670614728;;;;;
30.11.2001;120,3788;-0,1276;-0,105886492;120,5524;-0,6963;-0,574274198;313,511;-3,6399;-1,14768711;287,5698;-3,9739;-1,363054664;109,4208;-0,8493;-0,770199719;;;;;
31.10.2001;120,5064;2,4739;2,09594815;121,2487;2,9093;2,458437342;317,1509;8,1751;2,645870647;291,5437;1,9097;0,659349386;110,2701;1,4067;1,29216982;;;;;
28.09.2001;118,0325;-0,2506;-0,211864586;118,3394;0,7828;0,665892004;308,9758;-3,5754;-1,143940577;289,634;1,9691;0,684511736;108,8634;-0,1453;-0,133292113;;;;;
31.08.2001;118,2831;1,1473;0,979461446;117,5566;1,0706;0,919080405;312,5512;4,1081;1,331882607;287,6649;10,6034;3,827092541;109,0087;2,7895;2,626173046;;;;;
31.07.2001;117,1358;1,6125;1,395822315;116,486;1,6409;1,428794089;308,4431;8,6754;2,894040952;277,0615;6,6248;2,449667519;106,2192;2,7307;2,638650671;;;;;
29.06.2001;115,5233;1,0157;0,88701536;114,8451;0,9724;0,853936018;299,7677;1,7183;0,576515168;270,4367;-2,732;-1,000114581;103,4885;-0,4347;-0,41828966;;;;;
31.05.2001;114,5076;0,7538;0,662659181;113,8727;0,1558;0,1370069;298,0494;2,8753;0,97410308;273,1687;-0,5767;-0,210670207;103,9232;0,6708;0,649670129;;;;;
30.04.2001;113,7538;-0,9015;-0,786269802;113,7169;-1,588;-1,377218141;295,1741;-1,2819;-0,432408182;273,7454;-0,7283;-0,265344184;103,2524;0,024;0,023249416;;;;;
30.03.2001;114,6553;1,0241;0,901248953;115,3049;0,8917;0,779368115;296,456;1,4549;0,493184602;274,4737;-8,3257;-2,944030291;103,2284;-1,5336;-1,463889578;;;;;
28.02.2001;113,6312;0,5496;0,486020714;114,4132;0,5901;0,518436064;295,0011;2,5626;0,876286809;282,7994;-0,154;-0,054425923;104,762;0,2894;0,277010431;;;;;
31.01.2001;113,0816;1,2173;1,088193463;113,8231;0,7278;0,643528069;292,4385;8,8691;3,127664692;282,9534;-0,3873;-0,136690564;104,4726;1,3863;1,344795574;;;;;
29.12.2000;111,8643;1,6723;1,517623784;113,0953;1,5032;1,347048761;283,5694;4,2096;1,506873931;283,3407;9,6973;3,543772662;103,0863;2,301;2,283071043;;;;;
30.11.2000;110,192;1,3725;1,261262917;111,5921;1,6426;1,49395859;279,3598;2,7993;1,012183591;273,6434;5,2525;1,957033566;100,7853;1,2417;1,247393102;;;;;
31.10.2000;108,8195;0,2342;0,21568297;109,9495;0,4795;0,438019549;276,5605;-1,0125;-0,364768908;268,3909;-3,4532;-1,270286903;99,5436;-0,8486;-0,845284793;;;;;
29.09.2000;108,5853;1,1081;1,031009368;109,47;0,7857;0,722919502;277,573;0,7378;0,266512351;271,8441;-0,4735;-0,173877854;100,3922;;;;;;;
31.08.2000;107,4772;0,1035;0,09639232;108,6843;0,0473;0,043539494;276,8352;2,9407;1,073661574;272,3176;-2,0987;-0,764786931;;;;;;;;
31.07.2000;107,3737;0,3445;0,321874778;108,637;0,3511;0,324234272;273,8945;3,2894;1,215572064;274,4163;-4,6932;-1,681490598;;;;;;;;
30.06.2000;107,0292;0,4369;0,409879513;108,2859;0,3952;0,366296632;270,6051;8,1024;3,086596824;279,1095;6,6608;2,444790524;;;;;;;;
31.05.2000;106,5923;-0,1991;-0,186438234;107,8907;0,4366;0,406313021;262,5027;-0,8849;-0,33596874;272,4487;2,1217;0,784864257;;;;;;;;
28.04.2000;106,7914;-0,2197;-0,205305805;107,4541;-0,036;-0,033491456;263,3876;-4,6758;-1,744288851;270,327;-9,0036;-3,223277364;;;;;;;;
31.03.2000;107,0111;1,4271;1,351625246;107,4901;1,7422;1,647503166;268,0634;1,1316;0,423928509;279,3306;7,9055;2,912589882;;;;;;;;
29.02.2000;105,584;0,5964;0,568067086;105,7479;0,6972;0,663679538;266,9318;2,4588;0,929697928;271,4251;-1,9166;-0,701173659;;;;;;;;
31.01.2000;104,9876;;;105,0507;;;264,473;-0,7345;-0,276952952;273,3417;-6,0003;-2,148012114;;;;;;;;
;;;;;;;265,2075;;;279,342;;;;;;;;;;